Date,VIX_Close,Ticker,Industry,Underlying_Price,OptionType,Expiration,DTE,Strike,Last,Bid,Ask,Volume
2025-07-01,17.9,AAPL,Information Technology,220.98,Call,2025-07-31,30,210.0,13.74,12.02,15.46,6
2025-07-01,17.9,AAPL,Information Technology,220.98,Put,2025-07-31,30,210.0,2.07,1.81,2.33,455
2025-07-01,17.9,AAPL,Information Technology,220.98,Call,2025-07-31,30,232.0,2.67,2.34,3.0,521
2025-07-01,17.9,AAPL,Information Technology,220.98,Put,2025-07-31,30,232.0,12.93,11.31,14.55,826
2025-07-01,17.9,MSFT,Information Technology,435.86,Call,2025-07-31,30,414.0,29.49,25.81,33.18,405
2025-07-01,17.9,MSFT,Information Technology,435.86,Put,2025-07-31,30,414.0,6.27,5.49,7.06,65
2025-07-01,17.9,MSFT,Information Technology,435.86,Call,2025-07-31,30,457.5,7.83,6.85,8.8,235
2025-07-01,17.9,MSFT,Information Technology,435.86,Put,2025-07-31,30,457.5,27.96,24.47,31.46,374
2025-07-01,17.9,NVDA,Information Technology,120.47,Call,2025-07-31,30,114.5,8.89,7.78,10.0,189
2025-07-01,17.9,NVDA,Information Technology,120.47,Put,2025-07-31,30,114.5,2.55,2.23,2.87,489
2025-07-01,17.9,NVDA,Information Technology,120.47,Call,2025-07-31,30,126.5,3.02,2.64,3.4,94
2025-07-01,17.9,NVDA,Information Technology,120.47,Put,2025-07-31,30,126.5,8.63,7.55,9.71,422
2025-07-01,17.9,XOM,Energy,110.69,Call,2025-07-31,30,105.0,7.14,6.25,8.04,38
2025-07-01,17.9,XOM,Energy,110.69,Put,2025-07-31,30,105.0,1.11,0.97,1.25,109
2025-07-01,17.9,XOM,Energy,110.69,Call,2025-07-31,30,116.0,1.53,1.34,1.72,131
2025-07-01,17.9,XOM,Energy,110.69,Put,2025-07-31,30,116.0,6.46,5.65,7.26,186
2025-07-01,17.9,CVX,Energy,153.72,Call,2025-07-31,30,146.0,9.31,8.14,10.47,172
2025-07-01,17.9,CVX,Energy,153.72,Put,2025-07-31,30,146.0,1.11,0.97,1.25,127
2025-07-01,17.9,CVX,Energy,153.72,Call,2025-07-31,30,161.5,1.47,1.28,1.65,106
2025-07-01,17.9,CVX,Energy,153.72,Put,2025-07-31,30,161.5,8.72,7.63,9.81,212
2025-07-01,17.9,JPM,Financials,209.91,Call,2025-07-31,30,199.5,12.48,10.92,14.04,176
2025-07-01,17.9,JPM,Financials,209.91,Put,2025-07-31,30,199.5,1.42,1.24,1.59,81
2025-07-01,17.9,JPM,Financials,209.91,Call,2025-07-31,30,220.5,1.87,1.64,2.1,47
2025-07-01,17.9,JPM,Financials,209.91,Put,2025-07-31,30,220.5,11.74,10.27,13.2,68
2025-07-01,17.9,BAC,Financials,45.35,Call,2025-07-31,30,43.1,2.63,2.3,2.96,0
2025-07-01,17.9,BAC,Financials,45.35,Put,2025-07-31,30,43.1,0.24,0.21,0.27,73
2025-07-01,17.9,BAC,Financials,45.35,Call,2025-07-31,30,47.6,0.34,0.29,0.38,38
2025-07-01,17.9,BAC,Financials,45.35,Put,2025-07-31,30,47.6,2.43,2.13,2.73,222
2025-07-01,17.9,JNJ,Health Care,165.89,Call,2025-07-31,30,157.5,9.52,8.33,10.71,50
2025-07-01,17.9,JNJ,Health Care,165.89,Put,2025-07-31,30,157.5,0.61,0.53,0.69,108
2025-07-01,17.9,JNJ,Health Care,165.89,Call,2025-07-31,30,174.0,0.95,0.83,1.07,265
2025-07-01,17.9,JNJ,Health Care,165.89,Put,2025-07-31,30,174.0,8.49,7.43,9.55,0
2025-07-01,17.9,PFE,Health Care,32.15,Call,2025-07-31,30,30.5,2.03,1.77,2.28,71
2025-07-01,17.9,PFE,Health Care,32.15,Put,2025-07-31,30,30.5,0.28,0.24,0.31,47
2025-07-01,17.9,PFE,Health Care,32.15,Call,2025-07-31,30,33.800000000000004,0.36,0.32,0.41,79
2025-07-01,17.9,PFE,Health Care,32.15,Put,2025-07-31,30,33.800000000000004,1.9,1.67,2.14,128
2025-07-01,17.9,AMZN,Consumer Discretionary,182.55,Call,2025-07-31,30,173.5,12.35,10.81,13.89,27
2025-07-01,17.9,AMZN,Consumer Discretionary,182.55,Put,2025-07-31,30,173.5,2.73,2.39,3.07,704
2025-07-01,17.9,AMZN,Consumer Discretionary,182.55,Call,2025-07-31,30,191.5,3.39,2.97,3.81,0
2025-07-01,17.9,AMZN,Consumer Discretionary,182.55,Put,2025-07-31,30,191.5,11.71,10.25,13.18,533
2025-07-01,17.9,TSLA,Consumer Discretionary,250.27,Call,2025-07-31,30,238.0,14.52,12.7,16.33,232
2025-07-01,17.9,TSLA,Consumer Discretionary,250.27,Put,2025-07-31,30,238.0,1.47,1.28,1.65,276
2025-07-01,17.9,TSLA,Consumer Discretionary,250.27,Call,2025-07-31,30,263.0,1.91,1.68,2.15,21
2025-07-01,17.9,TSLA,Consumer Discretionary,250.27,Put,2025-07-31,30,263.0,13.78,12.06,15.5,0
2025-07-01,17.9,GOOGL,Communication Services,175.84,Call,2025-07-31,30,167.0,11.3,9.89,12.71,191
2025-07-01,17.9,GOOGL,Communication Services,175.84,Put,2025-07-31,30,167.0,1.91,1.67,2.15,568
2025-07-01,17.9,GOOGL,Communication Services,175.84,Call,2025-07-31,30,184.5,2.49,2.18,2.8,512
2025-07-01,17.9,GOOGL,Communication Services,175.84,Put,2025-07-31,30,184.5,10.54,9.22,11.86,83
2025-07-01,17.9,META,Communication Services,537.22,Call,2025-07-31,30,510.5,31.1,27.21,34.98,239
2025-07-01,17.9,META,Communication Services,537.22,Put,2025-07-31,30,510.5,2.7,2.36,3.04,409
2025-07-01,17.9,META,Communication Services,537.22,Call,2025-07-31,30,564.0,3.78,3.3,4.25,0
2025-07-01,17.9,META,Communication Services,537.22,Put,2025-07-31,30,564.0,28.7,25.12,32.29,156
2025-07-04,18.14,AAPL,Information Technology,213.57,Call,2025-08-03,30,203.0,14.54,12.72,16.36,249
2025-07-04,18.14,AAPL,Information Technology,213.57,Put,2025-08-03,30,203.0,3.3,2.89,3.72,336
2025-07-04,18.14,AAPL,Information Technology,213.57,Call,2025-08-03,30,224.0,4.1,3.58,4.61,238
2025-07-04,18.14,AAPL,Information Technology,213.57,Put,2025-08-03,30,224.0,13.79,12.07,15.52,162
2025-07-04,18.14,MSFT,Information Technology,436.8,Call,2025-08-03,30,415.0,27.41,23.99,30.84,470
2025-07-04,18.14,MSFT,Information Technology,436.8,Put,2025-08-03,30,415.0,4.25,3.72,4.78,352
2025-07-04,18.14,MSFT,Information Technology,436.8,Call,2025-08-03,30,458.5,5.51,4.82,6.2,154
2025-07-04,18.14,MSFT,Information Technology,436.8,Put,2025-08-03,30,458.5,25.71,22.49,28.92,390
2025-07-04,18.14,NVDA,Information Technology,116.33,Call,2025-08-03,30,110.5,8.39,7.35,9.44,275
2025-07-04,18.14,NVDA,Information Technology,116.33,Put,2025-08-03,30,110.5,2.2,1.93,2.48,535
2025-07-04,18.14,NVDA,Information Technology,116.33,Call,2025-08-03,30,122.0,2.7,2.37,3.04,389
2025-07-04,18.14,NVDA,Information Technology,116.33,Put,2025-08-03,30,122.0,7.97,6.98,8.97,236
2025-07-04,18.14,XOM,Energy,107.27,Call,2025-08-03,30,102.0,6.81,5.96,7.66,74
2025-07-04,18.14,XOM,Energy,107.27,Put,2025-08-03,30,102.0,1.21,1.06,1.36,105
2025-07-04,18.14,XOM,Energy,107.27,Call,2025-08-03,30,112.5,1.54,1.35,1.73,65
2025-07-04,18.14,XOM,Energy,107.27,Put,2025-08-03,30,112.5,6.4,5.6,7.2,87
2025-07-04,18.14,CVX,Energy,153.25,Call,2025-08-03,30,145.5,8.9,7.79,10.01,129
2025-07-04,18.14,CVX,Energy,153.25,Put,2025-08-03,30,145.5,0.67,0.59,0.75,112
2025-07-04,18.14,CVX,Energy,153.25,Call,2025-08-03,30,161.0,0.96,0.84,1.08,43
2025-07-04,18.14,CVX,Energy,153.25,Put,2025-08-03,30,161.0,8.18,7.16,9.2,29
2025-07-04,18.14,JPM,Financials,215.74,Call,2025-08-03,30,205.0,12.92,11.31,14.54,162
2025-07-04,18.14,JPM,Financials,215.74,Put,2025-08-03,30,205.0,1.51,1.32,1.7,52
2025-07-04,18.14,JPM,Financials,215.74,Call,2025-08-03,30,226.5,2.02,1.77,2.27,0
2025-07-04,18.14,JPM,Financials,215.74,Put,2025-08-03,30,226.5,12.04,10.53,13.54,81
2025-07-04,18.14,BAC,Financials,44.96,Call,2025-08-03,30,42.7,2.53,2.22,2.85,135
2025-07-04,18.14,BAC,Financials,44.96,Put,2025-08-03,30,42.7,0.13,0.12,0.15,43
2025-07-04,18.14,BAC,Financials,44.96,Call,2025-08-03,30,47.2,0.2,0.18,0.23,123
2025-07-04,18.14,BAC,Financials,44.96,Put,2025-08-03,30,47.2,2.29,2.0,2.58,69
2025-07-04,18.14,JNJ,Health Care,166.69,Call,2025-08-03,30,158.5,9.21,8.06,10.36,191
2025-07-04,18.14,JNJ,Health Care,166.69,Put,2025-08-03,30,158.5,0.5,0.43,0.56,55
2025-07-04,18.14,JNJ,Health Care,166.69,Call,2025-08-03,30,175.0,0.73,0.64,0.82,0
2025-07-04,18.14,JNJ,Health Care,166.69,Put,2025-08-03,30,175.0,8.47,7.41,9.53,82
2025-07-04,18.14,PFE,Health Care,32.12,Call,2025-08-03,30,30.5,1.91,1.67,2.15,129
2025-07-04,18.14,PFE,Health Care,32.12,Put,2025-08-03,30,30.5,0.19,0.16,0.21,143
2025-07-04,18.14,PFE,Health Care,32.12,Call,2025-08-03,30,33.7,0.27,0.23,0.3,96
2025-07-04,18.14,PFE,Health Care,32.12,Put,2025-08-03,30,33.7,1.74,1.52,1.95,156
2025-07-04,18.14,AMZN,Consumer Discretionary,179.66,Call,2025-08-03,30,170.5,11.17,9.77,12.57,293
2025-07-04,18.14,AMZN,Consumer Discretionary,179.66,Put,2025-08-03,30,170.5,1.45,1.27,1.63,374
2025-07-04,18.14,AMZN,Consumer Discretionary,179.66,Call,2025-08-03,30,188.5,1.99,1.74,2.24,735
2025-07-04,18.14,AMZN,Consumer Discretionary,179.66,Put,2025-08-03,30,188.5,10.21,8.94,11.49,193
2025-07-04,18.14,TSLA,Consumer Discretionary,252.41,Call,2025-08-03,30,240.0,16.73,14.64,18.82,454
2025-07-04,18.14,TSLA,Consumer Discretionary,252.41,Put,2025-08-03,30,240.0,3.53,3.09,3.97,717
2025-07-04,18.14,TSLA,Consumer Discretionary,252.41,Call,2025-08-03,30,265.0,4.32,3.78,4.86,112
2025-07-04,18.14,TSLA,Consumer Discretionary,252.41,Put,2025-08-03,30,265.0,16.04,14.04,18.05,0
2025-07-04,18.14,GOOGL,Communication Services,178.3,Call,2025-08-03,30,169.5,11.29,9.88,12.7,0
2025-07-04,18.14,GOOGL,Communication Services,178.3,Put,2025-08-03,30,169.5,1.94,1.69,2.18,394
2025-07-04,18.14,GOOGL,Communication Services,178.3,Call,2025-08-03,30,187.0,2.49,2.18,2.8,428
2025-07-04,18.14,GOOGL,Communication Services,178.3,Put,2025-08-03,30,187.0,10.58,9.26,11.9,420
2025-07-04,18.14,META,Communication Services,541.81,Call,2025-08-03,30,514.5,36.62,32.05,41.2,515
2025-07-04,18.14,META,Communication Services,541.81,Put,2025-08-03,30,514.5,7.63,6.67,8.58,0
2025-07-04,18.14,META,Communication Services,541.81,Call,2025-08-03,30,569.0,9.49,8.31,10.68,257
2025-07-04,18.14,META,Communication Services,541.81,Put,2025-08-03,30,569.0,34.82,30.46,39.17,0
2025-07-09,19.32,AAPL,Information Technology,207.11,Call,2025-08-08,30,197.0,12.79,11.19,14.39,331
2025-07-09,19.32,AAPL,Information Technology,207.11,Put,2025-08-08,30,197.0,2.03,1.78,2.29,583
2025-07-09,19.32,AAPL,Information Technology,207.11,Call,2025-08-08,30,217.5,2.54,2.22,2.86,217
2025-07-09,19.32,AAPL,Information Technology,207.11,Put,2025-08-08,30,217.5,12.22,10.69,13.75,6
2025-07-09,19.32,MSFT,Information Technology,428.02,Call,2025-08-08,30,406.5,30.5,26.69,34.31,0
2025-07-09,19.32,MSFT,Information Technology,428.02,Put,2025-08-08,30,406.5,7.65,6.69,8.6,346
2025-07-09,19.32,MSFT,Information Technology,428.02,Call,2025-08-08,30,449.5,9.28,8.12,10.44,590
2025-07-09,19.32,MSFT,Information Technology,428.02,Put,2025-08-08,30,449.5,29.29,25.63,32.95,515
2025-07-09,19.32,NVDA,Information Technology,113.62,Call,2025-08-08,30,108.0,7.84,6.86,8.82,485
2025-07-09,19.32,NVDA,Information Technology,113.62,Put,2025-08-08,30,108.0,1.86,1.63,2.1,75
2025-07-09,19.32,NVDA,Information Technology,113.62,Call,2025-08-08,30,119.5,2.2,1.92,2.47,577
2025-07-09,19.32,NVDA,Information Technology,113.62,Put,2025-08-08,30,119.5,7.68,6.72,8.64,193
2025-07-09,19.32,XOM,Energy,107.9,Call,2025-08-08,30,102.5,6.26,5.48,7.04,184
2025-07-09,19.32,XOM,Energy,107.9,Put,2025-08-08,30,102.5,0.52,0.46,0.59,16
2025-07-09,19.32,XOM,Energy,107.9,Call,2025-08-08,30,113.5,0.7,0.61,0.79,84
2025-07-09,19.32,XOM,Energy,107.9,Put,2025-08-08,30,113.5,5.93,5.19,6.67,217
2025-07-09,19.32,CVX,Energy,150.29,Call,2025-08-08,30,143.0,9.04,7.91,10.17,178
2025-07-09,19.32,CVX,Energy,150.29,Put,2025-08-08,30,143.0,1.28,1.12,1.44,103
2025-07-09,19.32,CVX,Energy,150.29,Call,2025-08-08,30,158.0,1.58,1.38,1.77,83
2025-07-09,19.32,CVX,Energy,150.29,Put,2025-08-08,30,158.0,8.77,7.67,9.86,104
2025-07-09,19.32,JPM,Financials,205.82,Call,2025-08-08,30,195.5,11.93,10.43,13.42,7
2025-07-09,19.32,JPM,Financials,205.82,Put,2025-08-08,30,195.5,0.96,0.84,1.08,132
2025-07-09,19.32,JPM,Financials,205.82,Call,2025-08-08,30,216.0,1.39,1.22,1.57,66
2025-07-09,19.32,JPM,Financials,205.82,Put,2025-08-08,30,216.0,10.87,9.51,12.22,100
2025-07-09,19.32,BAC,Financials,45.7,Call,2025-08-08,30,43.400000000000006,2.78,2.43,3.12,71
2025-07-09,19.32,BAC,Financials,45.7,Put,2025-08-08,30,43.400000000000006,0.33,0.29,0.38,43
2025-07-09,19.32,BAC,Financials,45.7,Call,2025-08-08,30,48.0,0.45,0.39,0.5,0
2025-07-09,19.32,BAC,Financials,45.7,Put,2025-08-08,30,48.0,2.59,2.27,2.91,109
2025-07-09,19.32,JNJ,Health Care,166.74,Call,2025-08-08,30,158.5,10.21,8.93,11.49,52
2025-07-09,19.32,JNJ,Health Care,166.74,Put,2025-08-08,30,158.5,1.45,1.27,1.63,96
2025-07-09,19.32,JNJ,Health Care,166.74,Call,2025-08-08,30,175.0,1.89,1.65,2.13,151
2025-07-09,19.32,JNJ,Health Care,166.74,Put,2025-08-08,30,175.0,9.58,8.38,10.77,65
2025-07-09,19.32,PFE,Health Care,31.04,Call,2025-08-08,30,29.5,1.81,1.58,2.04,283
2025-07-09,19.32,PFE,Health Care,31.04,Put,2025-08-08,30,29.5,0.17,0.15,0.19,58
2025-07-09,19.32,PFE,Health Care,31.04,Call,2025-08-08,30,32.6,0.23,0.21,0.26,168
2025-07-09,19.32,PFE,Health Care,31.04,Put,2025-08-08,30,32.6,1.69,1.48,1.9,107
2025-07-09,19.32,AMZN,Consumer Discretionary,184.14,Call,2025-08-08,30,175.0,12.15,10.63,13.67,254
2025-07-09,19.32,AMZN,Consumer Discretionary,184.14,Put,2025-08-08,30,175.0,2.43,2.13,2.74,0
2025-07-09,19.32,AMZN,Consumer Discretionary,184.14,Call,2025-08-08,30,193.5,2.97,2.6,3.35,128
2025-07-09,19.32,AMZN,Consumer Discretionary,184.14,Put,2025-08-08,30,193.5,11.7,10.24,13.16,150
2025-07-09,19.32,TSLA,Consumer Discretionary,248.37,Call,2025-08-08,30,236.0,15.01,13.14,16.89,323
2025-07-09,19.32,TSLA,Consumer Discretionary,248.37,Put,2025-08-08,30,236.0,1.87,1.64,2.1,491
2025-07-09,19.32,TSLA,Consumer Discretionary,248.37,Call,2025-08-08,30,261.0,2.43,2.12,2.73,105
2025-07-09,19.32,TSLA,Consumer Discretionary,248.37,Put,2025-08-08,30,261.0,14.2,12.42,15.97,754
2025-07-09,19.32,GOOGL,Communication Services,174.44,Call,2025-08-08,30,165.5,11.76,10.29,13.23,72
2025-07-09,19.32,GOOGL,Communication Services,174.44,Put,2025-08-08,30,165.5,2.28,1.99,2.56,104
2025-07-09,19.32,GOOGL,Communication Services,174.44,Call,2025-08-08,30,183.0,2.96,2.59,3.33,465
2025-07-09,19.32,GOOGL,Communication Services,174.44,Put,2025-08-08,30,183.0,10.92,9.55,12.28,0
2025-07-09,19.32,META,Communication Services,530.54,Call,2025-08-08,30,504.0,31.25,27.35,35.16,188
2025-07-09,19.32,META,Communication Services,530.54,Put,2025-08-08,30,504.0,3.06,2.68,3.44,203
2025-07-09,19.32,META,Communication Services,530.54,Call,2025-08-08,30,557.0,4.23,3.7,4.76,114
2025-07-09,19.32,META,Communication Services,530.54,Put,2025-08-08,30,557.0,28.86,25.25,32.47,0
2025-07-15,20.22,AAPL,Information Technology,205.1,Call,2025-08-14,30,195.0,15.57,13.63,17.52,232
2025-07-15,20.22,AAPL,Information Technology,205.1,Put,2025-08-14,30,195.0,4.83,4.23,5.44,164
2025-07-15,20.22,AAPL,Information Technology,205.1,Call,2025-08-14,30,215.5,5.61,4.91,6.32,380
2025-07-15,20.22,AAPL,Information Technology,205.1,Put,2025-08-14,30,215.5,15.31,13.39,17.22,299
2025-07-15,20.22,MSFT,Information Technology,430.94,Call,2025-08-14,30,409.5,30.21,26.44,33.99,466
2025-07-15,20.22,MSFT,Information Technology,430.94,Put,2025-08-14,30,409.5,7.43,6.5,8.36,167
2025-07-15,20.22,MSFT,Information Technology,430.94,Call,2025-08-14,30,452.5,8.99,7.87,10.11,335
2025-07-15,20.22,MSFT,Information Technology,430.94,Put,2025-08-14,30,452.5,29.06,25.43,32.7,188
2025-07-15,20.22,NVDA,Information Technology,114.04,Call,2025-08-14,30,108.5,7.97,6.97,8.96,407
2025-07-15,20.22,NVDA,Information Technology,114.04,Put,2025-08-14,30,108.5,2.07,1.81,2.33,266
2025-07-15,20.22,NVDA,Information Technology,114.04,Call,2025-08-14,30,119.5,2.53,2.21,2.84,149
2025-07-15,20.22,NVDA,Information Technology,114.04,Put,2025-08-14,30,119.5,7.59,6.64,8.54,107
2025-07-15,20.22,XOM,Energy,107.19,Call,2025-08-14,30,102.0,6.15,5.38,6.92,59
2025-07-15,20.22,XOM,Energy,107.19,Put,2025-08-14,30,102.0,0.63,0.55,0.71,187
2025-07-15,20.22,XOM,Energy,107.19,Call,2025-08-14,30,112.5,0.83,0.73,0.94,50
2025-07-15,20.22,XOM,Energy,107.19,Put,2025-08-14,30,112.5,5.77,5.05,6.5,0
2025-07-15,20.22,CVX,Energy,147.15,Call,2025-08-14,30,140.0,9.74,8.52,10.96,132
2025-07-15,20.22,CVX,Energy,147.15,Put,2025-08-14,30,140.0,2.13,1.87,2.4,111
2025-07-15,20.22,CVX,Energy,147.15,Call,2025-08-14,30,154.5,2.57,2.25,2.89,192
2025-07-15,20.22,CVX,Energy,147.15,Put,2025-08-14,30,154.5,9.41,8.24,10.59,130
2025-07-15,20.22,JPM,Financials,208.84,Call,2025-08-14,30,198.5,11.85,10.37,13.33,81
2025-07-15,20.22,JPM,Financials,208.84,Put,2025-08-14,30,198.5,0.86,0.75,0.97,145
2025-07-15,20.22,JPM,Financials,208.84,Call,2025-08-14,30,219.5,1.18,1.03,1.33,0
2025-07-15,20.22,JPM,Financials,208.84,Put,2025-08-14,30,219.5,11.12,9.73,12.51,84
2025-07-15,20.22,BAC,Financials,45.97,Call,2025-08-14,30,43.7,2.84,2.48,3.19,0
2025-07-15,20.22,BAC,Financials,45.97,Put,2025-08-14,30,43.7,0.42,0.37,0.48,0
2025-07-15,20.22,BAC,Financials,45.97,Call,2025-08-14,30,48.3,0.54,0.47,0.6,106
2025-07-15,20.22,BAC,Financials,45.97,Put,2025-08-14,30,48.3,2.71,2.37,3.04,129
2025-07-15,20.22,JNJ,Health Care,166.08,Call,2025-08-14,30,158.0,9.62,8.42,10.83,171
2025-07-15,20.22,JNJ,Health Care,166.08,Put,2025-08-14,30,158.0,1.03,0.9,1.15,38
2025-07-15,20.22,JNJ,Health Care,166.08,Call,2025-08-14,30,174.5,1.32,1.16,1.49,117
2025-07-15,20.22,JNJ,Health Care,166.08,Put,2025-08-14,30,174.5,9.17,8.02,10.32,39
2025-07-15,20.22,PFE,Health Care,31.03,Call,2025-08-14,30,29.5,1.95,1.7,2.19,152
2025-07-15,20.22,PFE,Health Care,31.03,Put,2025-08-14,30,29.5,0.32,0.28,0.36,118
2025-07-15,20.22,PFE,Health Care,31.03,Call,2025-08-14,30,32.6,0.4,0.35,0.45,70
2025-07-15,20.22,PFE,Health Care,31.03,Put,2025-08-14,30,32.6,1.86,1.63,2.09,167
2025-07-15,20.22,AMZN,Consumer Discretionary,179.62,Call,2025-08-14,30,170.5,10.87,9.51,12.22,581
2025-07-15,20.22,AMZN,Consumer Discretionary,179.62,Put,2025-08-14,30,170.5,1.19,1.04,1.33,210
2025-07-15,20.22,AMZN,Consumer Discretionary,179.62,Call,2025-08-14,30,188.5,1.66,1.45,1.87,537
2025-07-15,20.22,AMZN,Consumer Discretionary,179.62,Put,2025-08-14,30,188.5,9.92,8.68,11.16,194
2025-07-15,20.22,TSLA,Consumer Discretionary,255.21,Call,2025-08-14,30,242.5,17.74,15.53,19.96,453
2025-07-15,20.22,TSLA,Consumer Discretionary,255.21,Put,2025-08-14,30,242.5,4.24,3.71,4.77,362
2025-07-15,20.22,TSLA,Consumer Discretionary,255.21,Call,2025-08-14,30,268.0,5.14,4.5,5.79,125
2025-07-15,20.22,TSLA,Consumer Discretionary,255.21,Put,2025-08-14,30,268.0,17.05,14.92,19.19,0
2025-07-15,20.22,GOOGL,Communication Services,170.41,Call,2025-08-14,30,162.0,10.73,9.38,12.07,316
2025-07-15,20.22,GOOGL,Communication Services,170.41,Put,2025-08-14,30,162.0,1.78,1.56,2.01,239
2025-07-15,20.22,GOOGL,Communication Services,170.41,Call,2025-08-14,30,179.0,2.23,1.95,2.51,636
2025-07-15,20.22,GOOGL,Communication Services,170.41,Put,2025-08-14,30,179.0,10.24,8.96,11.51,323
2025-07-15,20.22,META,Communication Services,536.79,Call,2025-08-14,30,510.0,32.04,28.03,36.04,656
2025-07-15,20.22,META,Communication Services,536.79,Put,2025-08-14,30,510.0,3.58,3.13,4.02,598
2025-07-15,20.22,META,Communication Services,536.79,Call,2025-08-14,30,563.5,4.85,4.24,5.46,82
2025-07-15,20.22,META,Communication Services,536.79,Put,2025-08-14,30,563.5,29.71,26.0,33.42,291
2025-07-18,18.61,AAPL,Information Technology,201.48,Call,2025-08-17,30,191.5,13.92,12.18,15.66,162
2025-07-18,18.61,AAPL,Information Technology,201.48,Put,2025-08-17,30,191.5,3.31,2.9,3.72,494
2025-07-18,18.61,AAPL,Information Technology,201.48,Call,2025-08-17,30,211.5,4.03,3.52,4.53,450
2025-07-18,18.61,AAPL,Information Technology,201.48,Put,2025-08-17,30,211.5,13.35,11.68,15.02,234
2025-07-18,18.61,MSFT,Information Technology,426.47,Call,2025-08-17,30,405.0,28.28,24.74,31.81,212
2025-07-18,18.61,MSFT,Information Technology,426.47,Put,2025-08-17,30,405.0,5.48,4.79,6.16,228
2025-07-18,18.61,MSFT,Information Technology,426.47,Call,2025-08-17,30,448.0,6.84,5.99,7.7,230
2025-07-18,18.61,MSFT,Information Technology,426.47,Put,2025-08-17,30,448.0,26.9,23.54,30.26,0
2025-07-18,18.61,NVDA,Information Technology,115.55,Call,2025-08-17,30,110.0,8.4,7.35,9.45,496
2025-07-18,18.61,NVDA,Information Technology,115.55,Put,2025-08-17,30,110.0,2.49,2.18,2.8,76
2025-07-18,18.61,NVDA,Information Technology,115.55,Call,2025-08-17,30,121.5,2.83,2.48,3.19,120
2025-07-18,18.61,NVDA,Information Technology,115.55,Put,2025-08-17,30,121.5,8.38,7.34,9.43,280
2025-07-18,18.61,XOM,Energy,105.93,Call,2025-08-17,30,100.5,6.76,5.92,7.61,106
2025-07-18,18.61,XOM,Energy,105.93,Put,2025-08-17,30,100.5,1.0,0.88,1.13,119
2025-07-18,18.61,XOM,Energy,105.93,Call,2025-08-17,30,111.0,1.39,1.22,1.57,61
2025-07-18,18.61,XOM,Energy,105.93,Put,2025-08-17,30,111.0,6.1,5.34,6.86,102
2025-07-18,18.61,CVX,Energy,149.29,Call,2025-08-17,30,142.0,9.21,8.06,10.36,209
2025-07-18,18.61,CVX,Energy,149.29,Put,2025-08-17,30,142.0,1.45,1.27,1.64,0
2025-07-18,18.61,CVX,Energy,149.29,Call,2025-08-17,30,157.0,1.77,1.55,1.99,16
2025-07-18,18.61,CVX,Energy,149.29,Put,2025-08-17,30,157.0,8.96,7.84,10.08,126
2025-07-18,18.61,JPM,Financials,209.21,Call,2025-08-17,30,198.5,13.28,11.62,14.94,0
2025-07-18,18.61,JPM,Financials,209.21,Put,2025-08-17,30,198.5,1.92,1.68,2.16,21
2025-07-18,18.61,JPM,Financials,209.21,Call,2025-08-17,30,219.5,2.61,2.28,2.93,175
2025-07-18,18.61,JPM,Financials,209.21,Put,2025-08-17,30,219.5,12.18,10.66,13.7,159
2025-07-18,18.61,BAC,Financials,45.55,Call,2025-08-17,30,43.3,2.51,2.2,2.82,112
2025-07-18,18.61,BAC,Financials,45.55,Put,2025-08-17,30,43.3,0.12,0.1,0.13,142
2025-07-18,18.61,BAC,Financials,45.55,Call,2025-08-17,30,47.8,0.18,0.16,0.2,78
2025-07-18,18.61,BAC,Financials,45.55,Put,2025-08-17,30,47.8,2.28,1.99,2.56,166
2025-07-18,18.61,JNJ,Health Care,161.97,Call,2025-08-17,30,154.0,10.12,8.85,11.38,77
2025-07-18,18.61,JNJ,Health Care,161.97,Put,2025-08-17,30,154.0,1.64,1.44,1.85,23
2025-07-18,18.61,JNJ,Health Care,161.97,Call,2025-08-17,30,170.0,2.09,1.83,2.35,149
2025-07-18,18.61,JNJ,Health Care,161.97,Put,2025-08-17,30,170.0,9.56,8.37,10.76,129
2025-07-18,18.61,PFE,Health Care,31.07,Call,2025-08-17,30,29.5,1.84,1.61,2.07,11
2025-07-18,18.61,PFE,Health Care,31.07,Put,2025-08-17,30,29.5,0.17,0.15,0.2,203
2025-07-18,18.61,PFE,Health Care,31.07,Call,2025-08-17,30,32.6,0.25,0.22,0.28,161
2025-07-18,18.61,PFE,Health Care,31.07,Put,2025-08-17,30,32.6,1.67,1.46,1.88,198
2025-07-18,18.61,AMZN,Consumer Discretionary,181.52,Call,2025-08-17,30,172.5,11.66,10.2,13.12,322
2025-07-18,18.61,AMZN,Consumer Discretionary,181.52,Put,2025-08-17,30,172.5,2.07,1.81,2.33,171
2025-07-18,18.61,AMZN,Consumer Discretionary,181.52,Call,2025-08-17,30,190.5,2.64,2.31,2.97,272
2025-07-18,18.61,AMZN,Consumer Discretionary,181.52,Put,2025-08-17,30,190.5,10.99,9.62,12.37,302
2025-07-18,18.61,TSLA,Consumer Discretionary,251.74,Call,2025-08-17,30,239.0,16.3,14.27,18.34,711
2025-07-18,18.61,TSLA,Consumer Discretionary,251.74,Put,2025-08-17,30,239.0,2.78,2.43,3.13,155
2025-07-18,18.61,TSLA,Consumer Discretionary,251.74,Call,2025-08-17,30,264.5,3.53,3.09,3.97,22
2025-07-18,18.61,TSLA,Consumer Discretionary,251.74,Put,2025-08-17,30,264.5,15.42,13.5,17.35,0
2025-07-18,18.61,GOOGL,Communication Services,172.02,Call,2025-08-17,30,163.5,10.9,9.54,12.26,485
2025-07-18,18.61,GOOGL,Communication Services,172.02,Put,2025-08-17,30,163.5,1.84,1.61,2.07,331
2025-07-18,18.61,GOOGL,Communication Services,172.02,Call,2025-08-17,30,180.5,2.36,2.07,2.66,613
2025-07-18,18.61,GOOGL,Communication Services,172.02,Put,2025-08-17,30,180.5,10.25,8.97,11.53,0
2025-07-18,18.61,META,Communication Services,527.67,Call,2025-08-17,30,501.5,33.24,29.08,37.39,210
2025-07-18,18.61,META,Communication Services,527.67,Put,2025-08-17,30,501.5,5.42,4.74,6.1,0
2025-07-18,18.61,META,Communication Services,527.67,Call,2025-08-17,30,554.0,6.9,6.04,7.77,0
2025-07-18,18.61,META,Communication Services,527.67,Put,2025-08-17,30,554.0,31.42,27.49,35.34,548
2025-07-24,18.06,AAPL,Information Technology,202.64,Call,2025-08-23,30,192.5,13.19,11.54,14.84,90
2025-07-24,18.06,AAPL,Information Technology,202.64,Put,2025-08-23,30,192.5,2.42,2.12,2.72,378
2025-07-24,18.06,AAPL,Information Technology,202.64,Call,2025-08-23,30,213.0,2.99,2.62,3.37,108
2025-07-24,18.06,AAPL,Information Technology,202.64,Put,2025-08-23,30,213.0,12.65,11.07,14.23,164
2025-07-24,18.06,MSFT,Information Technology,424.36,Call,2025-08-23,30,403.0,28.84,25.23,32.44,0
2025-07-24,18.06,MSFT,Information Technology,424.36,Put,2025-08-23,30,403.0,6.15,5.39,6.92,209
2025-07-24,18.06,MSFT,Information Technology,424.36,Call,2025-08-23,30,445.5,7.67,6.72,8.63,315
2025-07-24,18.06,MSFT,Information Technology,424.36,Put,2025-08-23,30,445.5,27.35,23.93,30.77,675
2025-07-24,18.06,NVDA,Information Technology,115.92,Call,2025-08-23,30,110.0,7.84,6.86,8.82,421
2025-07-24,18.06,NVDA,Information Technology,115.92,Put,2025-08-23,30,110.0,1.56,1.37,1.76,406
2025-07-24,18.06,NVDA,Information Technology,115.92,Call,2025-08-23,30,121.5,2.05,1.79,2.3,404
2025-07-24,18.06,NVDA,Information Technology,115.92,Put,2025-08-23,30,121.5,7.23,6.32,8.13,134
2025-07-24,18.06,XOM,Energy,107.1,Call,2025-08-23,30,101.5,7.22,6.32,8.12,6
2025-07-24,18.06,XOM,Energy,107.1,Put,2025-08-23,30,101.5,1.29,1.13,1.45,184
2025-07-24,18.06,XOM,Energy,107.1,Call,2025-08-23,30,112.5,1.68,1.47,1.89,166
2025-07-24,18.06,XOM,Energy,107.1,Put,2025-08-23,30,112.5,6.71,5.87,7.55,201
2025-07-24,18.06,CVX,Energy,152.89,Call,2025-08-23,30,145.0,10.13,8.86,11.39,99
2025-07-24,18.06,CVX,Energy,152.89,Put,2025-08-23,30,145.0,1.76,1.54,1.98,137
2025-07-24,18.06,CVX,Energy,152.89,Call,2025-08-23,30,160.5,2.31,2.02,2.6,125
2025-07-24,18.06,CVX,Energy,152.89,Put,2025-08-23,30,160.5,9.4,8.22,10.57,23
2025-07-24,18.06,JPM,Financials,208.14,Call,2025-08-23,30,197.5,13.11,11.47,14.75,189
2025-07-24,18.06,JPM,Financials,208.14,Put,2025-08-23,30,197.5,1.82,1.59,2.05,70
2025-07-24,18.06,JPM,Financials,208.14,Call,2025-08-23,30,218.5,2.45,2.15,2.76,0
2025-07-24,18.06,JPM,Financials,208.14,Put,2025-08-23,30,218.5,12.1,10.58,13.61,26
2025-07-24,18.06,BAC,Financials,45.97,Call,2025-08-23,30,43.7,2.76,2.41,3.1,90
2025-07-24,18.06,BAC,Financials,45.97,Put,2025-08-23,30,43.7,0.34,0.3,0.39,213
2025-07-24,18.06,BAC,Financials,45.97,Call,2025-08-23,30,48.3,0.44,0.39,0.5,182
2025-07-24,18.06,BAC,Financials,45.97,Put,2025-08-23,30,48.3,2.61,2.29,2.94,125
2025-07-24,18.06,JNJ,Health Care,160.8,Call,2025-08-23,30,153.0,8.97,7.85,10.1,158
2025-07-24,18.06,JNJ,Health Care,160.8,Put,2025-08-23,30,153.0,0.67,0.59,0.76,196
2025-07-24,18.06,JNJ,Health Care,160.8,Call,2025-08-23,30,169.0,0.89,0.78,1.0,66
2025-07-24,18.06,JNJ,Health Care,160.8,Put,2025-08-23,30,169.0,8.54,7.47,9.6,173
2025-07-24,18.06,PFE,Health Care,32.42,Call,2025-08-23,30,30.8,2.08,1.82,2.34,71
2025-07-24,18.06,PFE,Health Care,32.42,Put,2025-08-23,30,30.8,0.36,0.31,0.4,223
2025-07-24,18.06,PFE,Health Care,32.42,Call,2025-08-23,30,34.0,0.46,0.41,0.52,73
2025-07-24,18.06,PFE,Health Care,32.42,Put,2025-08-23,30,34.0,1.93,1.69,2.17,4
2025-07-24,18.06,AMZN,Consumer Discretionary,188.57,Call,2025-08-23,30,179.0,11.86,10.37,13.34,0
2025-07-24,18.06,AMZN,Consumer Discretionary,188.57,Put,2025-08-23,30,179.0,1.7,1.49,1.91,65
2025-07-24,18.06,AMZN,Consumer Discretionary,188.57,Call,2025-08-23,30,198.0,2.25,1.97,2.53,246
2025-07-24,18.06,AMZN,Consumer Discretionary,188.57,Put,2025-08-23,30,198.0,11.03,9.65,12.41,741
2025-07-24,18.06,TSLA,Consumer Discretionary,250.36,Call,2025-08-23,30,238.0,15.06,13.18,16.95,313
2025-07-24,18.06,TSLA,Consumer Discretionary,250.36,Put,2025-08-23,30,238.0,1.92,1.68,2.16,337
2025-07-24,18.06,TSLA,Consumer Discretionary,250.36,Call,2025-08-23,30,263.0,2.48,2.17,2.79,152
2025-07-24,18.06,TSLA,Consumer Discretionary,250.36,Put,2025-08-23,30,263.0,14.26,12.48,16.04,155
2025-07-24,18.06,GOOGL,Communication Services,172.95,Call,2025-08-23,30,164.5,11.3,9.89,12.71,180
2025-07-24,18.06,GOOGL,Communication Services,172.95,Put,2025-08-23,30,164.5,2.31,2.02,2.6,205
2025-07-24,18.06,GOOGL,Communication Services,172.95,Call,2025-08-23,30,181.5,2.85,2.49,3.2,439
2025-07-24,18.06,GOOGL,Communication Services,172.95,Put,2025-08-23,30,181.5,10.8,9.45,12.15,348
2025-07-24,18.06,META,Communication Services,535.1,Call,2025-08-23,30,508.5,31.83,27.85,35.81,320
2025-07-24,18.06,META,Communication Services,535.1,Put,2025-08-23,30,508.5,3.56,3.11,4.0,589
2025-07-24,18.06,META,Communication Services,535.1,Call,2025-08-23,30,562.0,4.74,4.15,5.33,157
2025-07-24,18.06,META,Communication Services,535.1,Put,2025-08-23,30,562.0,29.8,26.07,33.52,337
2025-07-29,18.76,AAPL,Information Technology,199.43,Call,2025-08-28,30,189.5,14.01,12.26,15.77,109
2025-07-29,18.76,AAPL,Information Technology,199.43,Put,2025-08-28,30,189.5,3.46,3.03,3.9,0
2025-07-29,18.76,AAPL,Information Technology,199.43,Call,2025-08-28,30,209.5,4.16,3.64,4.68,456
2025-07-29,18.76,AAPL,Information Technology,199.43,Put,2025-08-28,30,209.5,13.54,11.85,15.24,111
2025-07-29,18.76,MSFT,Information Technology,419.94,Call,2025-08-28,30,399.0,27.03,23.65,30.41,176
2025-07-29,18.76,MSFT,Information Technology,419.94,Put,2025-08-28,30,399.0,4.78,4.18,5.38,276
2025-07-29,18.76,MSFT,Information Technology,419.94,Call,2025-08-28,30,441.0,6.03,5.27,6.78,785
2025-07-29,18.76,MSFT,Information Technology,419.94,Put,2025-08-28,30,441.0,25.64,22.43,28.84,182
2025-07-29,18.76,NVDA,Information Technology,115.71,Call,2025-08-28,30,110.0,8.13,7.12,9.15,0
2025-07-29,18.76,NVDA,Information Technology,115.71,Put,2025-08-28,30,110.0,2.06,1.8,2.32,328
2025-07-29,18.76,NVDA,Information Technology,115.71,Call,2025-08-28,30,121.5,2.47,2.16,2.78,466
2025-07-29,18.76,NVDA,Information Technology,115.71,Put,2025-08-28,30,121.5,7.86,6.88,8.85,361
2025-07-29,18.76,XOM,Energy,109.07,Call,2025-08-28,30,103.5,7.21,6.31,8.11,185
2025-07-29,18.76,XOM,Energy,109.07,Put,2025-08-28,30,103.5,1.3,1.14,1.47,208
2025-07-29,18.76,XOM,Energy,109.07,Call,2025-08-28,30,114.5,1.68,1.47,1.9,92
2025-07-29,18.76,XOM,Energy,109.07,Put,2025-08-28,30,114.5,6.74,5.9,7.58,195
2025-07-29,18.76,CVX,Energy,152.72,Call,2025-08-28,30,145.0,9.08,7.94,10.21,136
2025-07-29,18.76,CVX,Energy,152.72,Put,2025-08-28,30,145.0,0.88,0.77,0.99,88
2025-07-29,18.76,CVX,Energy,152.72,Call,2025-08-28,30,160.5,1.2,1.05,1.35,166
2025-07-29,18.76,CVX,Energy,152.72,Put,2025-08-28,30,160.5,8.45,7.4,9.51,106
2025-07-29,18.76,JPM,Financials,208.52,Call,2025-08-28,30,198.0,12.0,10.5,13.5,153
2025-07-29,18.76,JPM,Financials,208.52,Put,2025-08-28,30,198.0,0.83,0.73,0.93,81
2025-07-29,18.76,JPM,Financials,208.52,Call,2025-08-28,30,219.0,1.21,1.06,1.36,123
2025-07-29,18.76,JPM,Financials,208.52,Put,2025-08-28,30,219.0,10.97,9.6,12.35,97
2025-07-29,18.76,BAC,Financials,46.06,Call,2025-08-28,30,43.8,2.73,2.39,3.07,118
2025-07-29,18.76,BAC,Financials,46.06,Put,2025-08-28,30,43.8,0.33,0.28,0.37,91
2025-07-29,18.76,BAC,Financials,46.06,Call,2025-08-28,30,48.400000000000006,0.42,0.37,0.47,77
2025-07-29,18.76,BAC,Financials,46.06,Put,2025-08-28,30,48.400000000000006,2.6,2.27,2.92,0
2025-07-29,18.76,JNJ,Health Care,159.86,Call,2025-08-28,30,152.0,9.61,8.41,10.81,63
2025-07-29,18.76,JNJ,Health Care,159.86,Put,2025-08-28,30,152.0,1.25,1.09,1.4,222
2025-07-29,18.76,JNJ,Health Care,159.86,Call,2025-08-28,30,168.0,1.59,1.39,1.78,63
2025-07-29,18.76,JNJ,Health Care,159.86,Put,2025-08-28,30,168.0,9.17,8.03,10.32,0
2025-07-29,18.76,PFE,Health Care,32.32,Call,2025-08-28,30,30.700000000000003,1.84,1.61,2.07,153
2025-07-29,18.76,PFE,Health Care,32.32,Put,2025-08-28,30,30.700000000000003,0.12,0.1,0.13,189
2025-07-29,18.76,PFE,Health Care,32.32,Call,2025-08-28,30,33.9,0.18,0.16,0.2,88
2025-07-29,18.76,PFE,Health Care,32.32,Put,2025-08-28,30,33.9,1.65,1.44,1.85,96
2025-07-29,18.76,AMZN,Consumer Discretionary,185.31,Call,2025-08-28,30,176.0,12.53,10.96,14.09,0
2025-07-29,18.76,AMZN,Consumer Discretionary,185.31,Put,2025-08-28,30,176.0,2.64,2.31,2.97,270
2025-07-29,18.76,AMZN,Consumer Discretionary,185.31,Call,2025-08-28,30,194.5,3.3,2.89,3.72,231
2025-07-29,18.76,AMZN,Consumer Discretionary,185.31,Put,2025-08-28,30,194.5,11.85,10.37,13.34,29
2025-07-29,18.76,TSLA,Consumer Discretionary,254.0,Call,2025-08-28,30,241.5,17.84,15.61,20.07,381
2025-07-29,18.76,TSLA,Consumer Discretionary,254.0,Put,2025-08-28,30,241.5,4.54,3.98,5.11,333
2025-07-29,18.76,TSLA,Consumer Discretionary,254.0,Call,2025-08-28,30,266.5,5.5,4.81,6.19,421
2025-07-29,18.76,TSLA,Consumer Discretionary,254.0,Put,2025-08-28,30,266.5,17.12,14.98,19.26,371
2025-07-29,18.76,GOOGL,Communication Services,173.75,Call,2025-08-28,30,165.0,11.28,9.87,12.69,319
2025-07-29,18.76,GOOGL,Communication Services,173.75,Put,2025-08-28,30,165.0,1.99,1.74,2.24,262
2025-07-29,18.76,GOOGL,Communication Services,173.75,Call,2025-08-28,30,182.5,2.53,2.21,2.84,144
2025-07-29,18.76,GOOGL,Communication Services,173.75,Put,2025-08-28,30,182.5,10.68,9.34,12.01,271
2025-07-29,18.76,META,Communication Services,546.14,Call,2025-08-28,30,519.0,31.71,27.75,35.68,0
2025-07-29,18.76,META,Communication Services,546.14,Put,2025-08-28,30,519.0,2.87,2.51,3.23,153
2025-07-29,18.76,META,Communication Services,546.14,Call,2025-08-28,30,573.5,3.95,3.46,4.45,224
2025-07-29,18.76,META,Communication Services,546.14,Put,2025-08-28,30,573.5,29.43,25.75,33.11,245
2025-08-04,17.36,AAPL,Information Technology,194.5,Call,2025-09-03,30,185.0,12.88,11.27,14.49,0
2025-08-04,17.36,AAPL,Information Technology,194.5,Put,2025-09-03,30,185.0,2.77,2.42,3.12,437
2025-08-04,17.36,AAPL,Information Technology,194.5,Call,2025-09-03,30,204.0,3.42,3.0,3.85,86
2025-08-04,17.36,AAPL,Information Technology,194.5,Put,2025-09-03,30,204.0,12.25,10.72,13.79,279
2025-08-04,17.36,MSFT,Information Technology,433.74,Call,2025-09-03,30,412.0,29.91,26.17,33.65,384
2025-08-04,17.36,MSFT,Information Technology,433.74,Put,2025-09-03,30,412.0,6.82,5.97,7.67,104
2025-08-04,17.36,MSFT,Information Technology,433.74,Call,2025-09-03,30,455.5,8.36,7.31,9.4,226
2025-08-04,17.36,MSFT,Information Technology,433.74,Put,2025-09-03,30,455.5,28.62,25.04,32.2,244
2025-08-04,17.36,NVDA,Information Technology,115.12,Call,2025-09-03,30,109.5,7.11,6.22,7.99,639
2025-08-04,17.36,NVDA,Information Technology,115.12,Put,2025-09-03,30,109.5,1.13,0.99,1.27,165
2025-08-04,17.36,NVDA,Information Technology,115.12,Call,2025-09-03,30,121.0,1.38,1.21,1.56,559
2025-08-04,17.36,NVDA,Information Technology,115.12,Put,2025-09-03,30,121.0,6.87,6.01,7.72,291
2025-08-04,17.36,XOM,Energy,110.88,Call,2025-09-03,30,105.5,6.9,6.03,7.76,134
2025-08-04,17.36,XOM,Energy,110.88,Put,2025-09-03,30,105.5,1.17,1.02,1.32,61
2025-08-04,17.36,XOM,Energy,110.88,Call,2025-09-03,30,116.5,1.43,1.25,1.61,113
2025-08-04,17.36,XOM,Energy,110.88,Put,2025-09-03,30,116.5,6.67,5.83,7.5,90
2025-08-04,17.36,CVX,Energy,155.46,Call,2025-09-03,30,147.5,9.89,8.65,11.12,235
2025-08-04,17.36,CVX,Energy,155.46,Put,2025-09-03,30,147.5,1.44,1.26,1.62,56
2025-08-04,17.36,CVX,Energy,155.46,Call,2025-09-03,30,163.0,1.98,1.74,2.23,80
2025-08-04,17.36,CVX,Energy,155.46,Put,2025-09-03,30,163.0,8.99,7.87,10.11,144
2025-08-04,17.36,JPM,Financials,201.25,Call,2025-09-03,30,191.0,12.15,10.63,13.67,327
2025-08-04,17.36,JPM,Financials,201.25,Put,2025-09-03,30,191.0,1.28,1.12,1.43,35
2025-08-04,17.36,JPM,Financials,201.25,Call,2025-09-03,30,211.5,1.74,1.52,1.95,20
2025-08-04,17.36,JPM,Financials,201.25,Put,2025-09-03,30,211.5,11.29,9.88,12.7,67
2025-08-04,17.36,BAC,Financials,46.86,Call,2025-09-03,30,44.5,2.61,2.29,2.94,85
2025-08-04,17.36,BAC,Financials,46.86,Put,2025-09-03,30,44.5,0.11,0.09,0.12,134
2025-08-04,17.36,BAC,Financials,46.86,Call,2025-09-03,30,49.2,0.17,0.15,0.19,68
2025-08-04,17.36,BAC,Financials,46.86,Put,2025-09-03,30,49.2,2.35,2.06,2.64,13
2025-08-04,17.36,JNJ,Health Care,157.63,Call,2025-09-03,30,149.5,10.24,8.96,11.51,0
2025-08-04,17.36,JNJ,Health Care,157.63,Put,2025-09-03,30,149.5,1.61,1.41,1.82,97
2025-08-04,17.36,JNJ,Health Care,157.63,Call,2025-09-03,30,165.5,2.14,1.88,2.41,0
2025-08-04,17.36,JNJ,Health Care,157.63,Put,2025-09-03,30,165.5,9.47,8.29,10.65,165
2025-08-04,17.36,PFE,Health Care,32.5,Call,2025-09-03,30,30.9,1.82,1.59,2.05,215
2025-08-04,17.36,PFE,Health Care,32.5,Put,2025-09-03,30,30.9,0.12,0.11,0.14,58
2025-08-04,17.36,PFE,Health Care,32.5,Call,2025-09-03,30,34.1,0.18,0.15,0.2,142
2025-08-04,17.36,PFE,Health Care,32.5,Put,2025-09-03,30,34.1,1.66,1.46,1.87,63
2025-08-04,17.36,AMZN,Consumer Discretionary,183.49,Call,2025-09-03,30,174.5,12.95,11.33,14.57,344
2025-08-04,17.36,AMZN,Consumer Discretionary,183.49,Put,2025-09-03,30,174.5,3.39,2.96,3.81,0
2025-08-04,17.36,AMZN,Consumer Discretionary,183.49,Call,2025-09-03,30,192.5,4.08,3.57,4.59,248
2025-08-04,17.36,AMZN,Consumer Discretionary,183.49,Put,2025-09-03,30,192.5,12.46,10.9,14.02,0
2025-08-04,17.36,TSLA,Consumer Discretionary,248.53,Call,2025-09-03,30,236.0,16.45,14.39,18.51,207
2025-08-04,17.36,TSLA,Consumer Discretionary,248.53,Put,2025-09-03,30,236.0,3.14,2.75,3.54,21
2025-08-04,17.36,TSLA,Consumer Discretionary,248.53,Call,2025-09-03,30,261.0,3.96,3.47,4.46,186
2025-08-04,17.36,TSLA,Consumer Discretionary,248.53,Put,2025-09-03,30,261.0,15.57,13.63,17.52,270
2025-08-04,17.36,GOOGL,Communication Services,174.85,Call,2025-09-03,30,166.0,10.5,9.19,11.81,0
2025-08-04,17.36,GOOGL,Communication Services,174.85,Put,2025-09-03,30,166.0,1.1,0.97,1.24,228
2025-08-04,17.36,GOOGL,Communication Services,174.85,Call,2025-09-03,30,183.5,1.55,1.36,1.74,409
2025-08-04,17.36,GOOGL,Communication Services,174.85,Put,2025-09-03,30,183.5,9.6,8.4,10.8,112
2025-08-04,17.36,META,Communication Services,538.34,Call,2025-09-03,30,511.5,31.63,27.67,35.58,215
2025-08-04,17.36,META,Communication Services,538.34,Put,2025-09-03,30,511.5,3.11,2.72,3.5,356
2025-08-04,17.36,META,Communication Services,538.34,Call,2025-09-03,30,565.5,4.21,3.68,4.74,486
2025-08-04,17.36,META,Communication Services,538.34,Put,2025-09-03,30,565.5,29.51,25.83,33.2,228
2025-08-07,15.83,AAPL,Information Technology,199.57,Call,2025-09-06,30,189.5,12.73,11.14,14.32,289
2025-08-07,15.83,AAPL,Information Technology,199.57,Put,2025-09-06,30,189.5,2.04,1.78,2.29,253
2025-08-07,15.83,AAPL,Information Technology,199.57,Call,2025-09-06,30,209.5,2.65,2.32,2.99,242
2025-08-07,15.83,AAPL,Information Technology,199.57,Put,2025-09-06,30,209.5,11.9,10.41,13.38,162
2025-08-07,15.83,MSFT,Information Technology,433.72,Call,2025-09-06,30,412.0,26.92,23.56,30.29,463
2025-08-07,15.83,MSFT,Information Technology,433.72,Put,2025-09-06,30,412.0,3.85,3.37,4.33,479
2025-08-07,15.83,MSFT,Information Technology,433.72,Call,2025-09-06,30,455.5,5.01,4.38,5.64,697
2025-08-07,15.83,MSFT,Information Technology,433.72,Put,2025-09-06,30,455.5,25.29,22.13,28.46,501
2025-08-07,15.83,NVDA,Information Technology,112.14,Call,2025-09-06,30,106.5,7.05,6.17,7.93,335
2025-08-07,15.83,NVDA,Information Technology,112.14,Put,2025-09-06,30,106.5,1.06,0.93,1.19,494
2025-08-07,15.83,NVDA,Information Technology,112.14,Call,2025-09-06,30,117.5,1.45,1.26,1.63,389
2025-08-07,15.83,NVDA,Information Technology,112.14,Put,2025-09-06,30,117.5,6.42,5.62,7.22,273
2025-08-07,15.83,XOM,Energy,109.26,Call,2025-09-06,30,104.0,6.58,5.76,7.41,120
2025-08-07,15.83,XOM,Energy,109.26,Put,2025-09-06,30,104.0,0.98,0.86,1.11,187
2025-08-07,15.83,XOM,Energy,109.26,Call,2025-09-06,30,114.5,1.28,1.12,1.44,152
2025-08-07,15.83,XOM,Energy,109.26,Put,2025-09-06,30,114.5,6.15,5.38,6.91,227
2025-08-07,15.83,CVX,Energy,156.48,Call,2025-09-06,30,148.5,9.14,8.0,10.28,180
2025-08-07,15.83,CVX,Energy,156.48,Put,2025-09-06,30,148.5,0.67,0.59,0.76,130
2025-08-07,15.83,CVX,Energy,156.48,Call,2025-09-06,30,164.5,0.96,0.84,1.08,147
2025-08-07,15.83,CVX,Energy,156.48,Put,2025-09-06,30,164.5,8.44,7.38,9.49,0
2025-08-07,15.83,JPM,Financials,200.51,Call,2025-09-06,30,190.5,11.84,10.36,13.32,149
2025-08-07,15.83,JPM,Financials,200.51,Put,2025-09-06,30,190.5,1.2,1.05,1.35,82
2025-08-07,15.83,JPM,Financials,200.51,Call,2025-09-06,30,210.5,1.65,1.45,1.86,93
2025-08-07,15.83,JPM,Financials,200.51,Put,2025-09-06,30,210.5,10.95,9.58,12.32,92
2025-08-07,15.83,BAC,Financials,46.28,Call,2025-09-06,30,44.0,2.6,2.27,2.92,9
2025-08-07,15.83,BAC,Financials,46.28,Put,2025-09-06,30,44.0,0.17,0.15,0.2,38
2025-08-07,15.83,BAC,Financials,46.28,Call,2025-09-06,30,48.6,0.25,0.22,0.28,0
2025-08-07,15.83,BAC,Financials,46.28,Put,2025-09-06,30,48.6,2.41,2.11,2.71,8
2025-08-07,15.83,JNJ,Health Care,157.21,Call,2025-09-06,30,149.5,8.58,7.51,9.65,228
2025-08-07,15.83,JNJ,Health Care,157.21,Put,2025-09-06,30,149.5,0.38,0.33,0.43,53
2025-08-07,15.83,JNJ,Health Care,157.21,Call,2025-09-06,30,165.0,0.58,0.51,0.66,178
2025-08-07,15.83,JNJ,Health Care,157.21,Put,2025-09-06,30,165.0,7.83,6.85,8.81,0
2025-08-07,15.83,PFE,Health Care,32.48,Call,2025-09-06,30,30.9,1.75,1.53,1.97,18
2025-08-07,15.83,PFE,Health Care,32.48,Put,2025-09-06,30,30.9,0.07,0.06,0.08,213
2025-08-07,15.83,PFE,Health Care,32.48,Call,2025-09-06,30,34.1,0.11,0.09,0.12,279
2025-08-07,15.83,PFE,Health Care,32.48,Put,2025-09-06,30,34.1,1.61,1.41,1.82,155
2025-08-07,15.83,AMZN,Consumer Discretionary,183.85,Call,2025-09-06,30,174.5,12.36,10.81,13.9,431
2025-08-07,15.83,AMZN,Consumer Discretionary,183.85,Put,2025-09-06,30,174.5,2.43,2.13,2.74,300
2025-08-07,15.83,AMZN,Consumer Discretionary,183.85,Call,2025-09-06,30,193.0,3.1,2.71,3.48,129
2025-08-07,15.83,AMZN,Consumer Discretionary,183.85,Put,2025-09-06,30,193.0,11.61,10.16,13.06,0
2025-08-07,15.83,TSLA,Consumer Discretionary,249.58,Call,2025-09-06,30,237.0,15.32,13.41,17.24,474
2025-08-07,15.83,TSLA,Consumer Discretionary,249.58,Put,2025-09-06,30,237.0,1.97,1.72,2.21,0
2025-08-07,15.83,TSLA,Consumer Discretionary,249.58,Call,2025-09-06,30,262.0,2.64,2.31,2.97,582
2025-08-07,15.83,TSLA,Consumer Discretionary,249.58,Put,2025-09-06,30,262.0,14.2,12.43,15.98,159
2025-08-07,15.83,GOOGL,Communication Services,172.79,Call,2025-09-06,30,164.0,10.13,8.86,11.39,390
2025-08-07,15.83,GOOGL,Communication Services,172.79,Put,2025-09-06,30,164.0,0.8,0.7,0.9,301
2025-08-07,15.83,GOOGL,Communication Services,172.79,Call,2025-09-06,30,181.5,1.15,1.01,1.3,159
2025-08-07,15.83,GOOGL,Communication Services,172.79,Put,2025-09-06,30,181.5,9.27,8.11,10.43,0
2025-08-07,15.83,META,Communication Services,547.6,Call,2025-09-06,30,520.0,36.82,32.22,41.42,559
2025-08-07,15.83,META,Communication Services,547.6,Put,2025-09-06,30,520.0,7.51,6.57,8.45,164
2025-08-07,15.83,META,Communication Services,547.6,Call,2025-09-06,30,575.0,9.4,8.23,10.58,374
2025-08-07,15.83,META,Communication Services,547.6,Put,2025-09-06,30,575.0,34.91,30.55,39.28,521
2025-08-13,16.43,AAPL,Information Technology,198.82,Call,2025-09-12,30,189.0,14.18,12.41,15.96,139
2025-08-13,16.43,AAPL,Information Technology,198.82,Put,2025-09-12,30,189.0,3.74,3.28,4.21,0
2025-08-13,16.43,AAPL,Information Technology,198.82,Call,2025-09-12,30,209.0,4.4,3.85,4.95,31
2025-08-13,16.43,AAPL,Information Technology,198.82,Put,2025-09-12,30,209.0,13.89,12.16,15.63,136
2025-08-13,16.43,MSFT,Information Technology,425.72,Call,2025-09-12,30,404.5,30.15,26.38,33.92,643
2025-08-13,16.43,MSFT,Information Technology,425.72,Put,2025-09-12,30,404.5,7.6,6.65,8.55,327
2025-08-13,16.43,MSFT,Information Technology,425.72,Call,2025-09-12,30,447.0,9.19,8.04,10.34,724
2025-08-13,16.43,MSFT,Information Technology,425.72,Put,2025-09-12,30,447.0,29.0,25.38,32.63,384
2025-08-13,16.43,NVDA,Information Technology,110.74,Call,2025-09-12,30,105.0,8.05,7.05,9.06,242
2025-08-13,16.43,NVDA,Information Technology,110.74,Put,2025-09-12,30,105.0,1.97,1.72,2.22,288
2025-08-13,16.43,NVDA,Information Technology,110.74,Call,2025-09-12,30,116.5,2.39,2.09,2.69,472
2025-08-13,16.43,NVDA,Information Technology,110.74,Put,2025-09-12,30,116.5,7.77,6.79,8.74,168
2025-08-13,16.43,XOM,Energy,108.69,Call,2025-09-12,30,103.5,6.53,5.71,7.34,128
2025-08-13,16.43,XOM,Energy,108.69,Put,2025-09-12,30,103.5,1.0,0.87,1.12,136
2025-08-13,16.43,XOM,Energy,108.69,Call,2025-09-12,30,114.0,1.26,1.1,1.42,0
2025-08-13,16.43,XOM,Energy,108.69,Put,2025-09-12,30,114.0,6.2,5.42,6.97,178
2025-08-13,16.43,CVX,Energy,154.73,Call,2025-09-12,30,147.0,10.12,8.86,11.39,147
2025-08-13,16.43,CVX,Energy,154.73,Put,2025-09-12,30,147.0,1.91,1.67,2.15,76
2025-08-13,16.43,CVX,Energy,154.73,Call,2025-09-12,30,162.5,2.39,2.09,2.69,61
2025-08-13,16.43,CVX,Energy,154.73,Put,2025-09-12,30,162.5,9.63,8.42,10.83,56
2025-08-13,16.43,JPM,Financials,201.82,Call,2025-09-12,30,191.5,11.4,9.97,12.82,48
2025-08-13,16.43,JPM,Financials,201.82,Put,2025-09-12,30,191.5,0.45,0.39,0.5,58
2025-08-13,16.43,JPM,Financials,201.82,Call,2025-09-12,30,212.0,0.73,0.64,0.82,182
2025-08-13,16.43,JPM,Financials,201.82,Put,2025-09-12,30,212.0,10.22,8.94,11.49,139
2025-08-13,16.43,BAC,Financials,46.03,Call,2025-09-12,30,43.7,2.65,2.31,2.98,197
2025-08-13,16.43,BAC,Financials,46.03,Put,2025-09-12,30,43.7,0.17,0.15,0.19,230
2025-08-13,16.43,BAC,Financials,46.03,Call,2025-09-12,30,48.3,0.26,0.23,0.3,52
2025-08-13,16.43,BAC,Financials,46.03,Put,2025-09-12,30,48.3,2.37,2.08,2.67,146
2025-08-13,16.43,JNJ,Health Care,158.37,Call,2025-09-12,30,150.5,8.86,7.75,9.97,30
2025-08-13,16.43,JNJ,Health Care,158.37,Put,2025-09-12,30,150.5,0.5,0.43,0.56,36
2025-08-13,16.43,JNJ,Health Care,158.37,Call,2025-09-12,30,166.5,0.7,0.62,0.79,223
2025-08-13,16.43,JNJ,Health Care,158.37,Put,2025-09-12,30,166.5,8.29,7.25,9.32,203
2025-08-13,16.43,PFE,Health Care,31.82,Call,2025-09-12,30,30.200000000000003,1.98,1.73,2.22,23
2025-08-13,16.43,PFE,Health Care,31.82,Put,2025-09-12,30,30.200000000000003,0.26,0.22,0.29,195
2025-08-13,16.43,PFE,Health Care,31.82,Call,2025-09-12,30,33.4,0.35,0.3,0.39,278
2025-08-13,16.43,PFE,Health Care,31.82,Put,2025-09-12,30,33.4,1.82,1.59,2.05,119
2025-08-13,16.43,AMZN,Consumer Discretionary,182.26,Call,2025-09-12,30,173.0,10.97,9.6,12.34,380
2025-08-13,16.43,AMZN,Consumer Discretionary,182.26,Put,2025-09-12,30,173.0,1.14,1.0,1.28,65
2025-08-13,16.43,AMZN,Consumer Discretionary,182.26,Call,2025-09-12,30,191.5,1.56,1.36,1.75,139
2025-08-13,16.43,AMZN,Consumer Discretionary,182.26,Put,2025-09-12,30,191.5,10.17,8.9,11.44,297
2025-08-13,16.43,TSLA,Consumer Discretionary,255.39,Call,2025-09-12,30,242.5,15.83,13.85,17.81,59
2025-08-13,16.43,TSLA,Consumer Discretionary,255.39,Put,2025-09-12,30,242.5,2.14,1.88,2.41,357
2025-08-13,16.43,TSLA,Consumer Discretionary,255.39,Call,2025-09-12,30,268.0,2.89,2.53,3.25,278
2025-08-13,16.43,TSLA,Consumer Discretionary,255.39,Put,2025-09-12,30,268.0,14.62,12.79,16.44,296
2025-08-13,16.43,GOOGL,Communication Services,173.53,Call,2025-09-12,30,165.0,10.42,9.11,11.72,393
2025-08-13,16.43,GOOGL,Communication Services,173.53,Put,2025-09-12,30,165.0,1.34,1.18,1.51,178
2025-08-13,16.43,GOOGL,Communication Services,173.53,Call,2025-09-12,30,182.0,1.79,1.57,2.02,42
2025-08-13,16.43,GOOGL,Communication Services,173.53,Put,2025-09-12,30,182.0,9.67,8.46,10.87,72
2025-08-13,16.43,META,Communication Services,551.7,Call,2025-09-12,30,524.0,37.33,32.66,42.0,497
2025-08-13,16.43,META,Communication Services,551.7,Put,2025-09-12,30,524.0,7.91,6.92,8.9,274
2025-08-13,16.43,META,Communication Services,551.7,Call,2025-09-12,30,579.5,9.76,8.54,10.98,558
2025-08-13,16.43,META,Communication Services,551.7,Put,2025-09-12,30,579.5,35.66,31.2,40.12,282
2025-08-18,15.83,AAPL,Information Technology,199.09,Call,2025-09-17,30,189.0,13.04,11.41,14.67,205
2025-08-18,15.83,AAPL,Information Technology,199.09,Put,2025-09-17,30,189.0,2.33,2.04,2.62,381
2025-08-18,15.83,AAPL,Information Technology,199.09,Call,2025-09-17,30,209.0,3.0,2.62,3.37,0
2025-08-18,15.83,AAPL,Information Technology,199.09,Put,2025-09-17,30,209.0,12.22,10.7,13.75,0
2025-08-18,15.83,MSFT,Information Technology,431.98,Call,2025-09-17,30,410.5,26.49,23.18,29.8,38
2025-08-18,15.83,MSFT,Information Technology,431.98,Put,2025-09-17,30,410.5,3.66,3.2,4.12,586
2025-08-18,15.83,MSFT,Information Technology,431.98,Call,2025-09-17,30,453.5,4.79,4.19,5.39,237
2025-08-18,15.83,MSFT,Information Technology,431.98,Put,2025-09-17,30,453.5,24.82,21.72,27.92,309
2025-08-18,15.83,NVDA,Information Technology,109.86,Call,2025-09-17,30,104.5,7.89,6.9,8.87,167
2025-08-18,15.83,NVDA,Information Technology,109.86,Put,2025-09-17,30,104.5,2.18,1.91,2.46,206
2025-08-18,15.83,NVDA,Information Technology,109.86,Call,2025-09-17,30,115.5,2.53,2.21,2.84,340
2025-08-18,15.83,NVDA,Information Technology,109.86,Put,2025-09-17,30,115.5,7.79,6.81,8.76,283
2025-08-18,15.83,XOM,Energy,109.34,Call,2025-09-17,30,104.0,7.03,6.15,7.91,137
2025-08-18,15.83,XOM,Energy,109.34,Put,2025-09-17,30,104.0,1.35,1.18,1.52,176
2025-08-18,15.83,XOM,Energy,109.34,Call,2025-09-17,30,115.0,1.6,1.4,1.81,0
2025-08-18,15.83,XOM,Energy,109.34,Put,2025-09-17,30,115.0,6.89,6.03,7.75,2
2025-08-18,15.83,CVX,Energy,155.75,Call,2025-09-17,30,148.0,9.25,8.09,10.41,195
2025-08-18,15.83,CVX,Energy,155.75,Put,2025-09-17,30,148.0,1.01,0.89,1.14,170
2025-08-18,15.83,CVX,Energy,155.75,Call,2025-09-17,30,163.5,1.37,1.2,1.55,102
2025-08-18,15.83,CVX,Energy,155.75,Put,2025-09-17,30,163.5,8.59,7.51,9.66,75
2025-08-18,15.83,JPM,Financials,207.12,Call,2025-09-17,30,197.0,11.48,10.04,12.91,64
2025-08-18,15.83,JPM,Financials,207.12,Put,2025-09-17,30,197.0,0.71,0.62,0.8,0
2025-08-18,15.83,JPM,Financials,207.12,Call,2025-09-17,30,217.5,1.01,0.88,1.14,103
2025-08-18,15.83,JPM,Financials,207.12,Put,2025-09-17,30,217.5,10.68,9.34,12.01,113
2025-08-18,15.83,BAC,Financials,45.72,Call,2025-09-17,30,43.400000000000006,2.66,2.33,3.0,15
2025-08-18,15.83,BAC,Financials,45.72,Put,2025-09-17,30,43.400000000000006,0.2,0.18,0.23,192
2025-08-18,15.83,BAC,Financials,45.72,Call,2025-09-17,30,48.0,0.29,0.26,0.33,0
2025-08-18,15.83,BAC,Financials,45.72,Put,2025-09-17,30,48.0,2.42,2.11,2.72,39
2025-08-18,15.83,JNJ,Health Care,163.67,Call,2025-09-17,30,155.5,9.97,8.73,11.22,54
2025-08-18,15.83,JNJ,Health Care,163.67,Put,2025-09-17,30,155.5,1.29,1.13,1.45,59
2025-08-18,15.83,JNJ,Health Care,163.67,Call,2025-09-17,30,172.0,1.67,1.46,1.88,155
2025-08-18,15.83,JNJ,Health Care,163.67,Put,2025-09-17,30,172.0,9.44,8.26,10.62,266
2025-08-18,15.83,PFE,Health Care,32.47,Call,2025-09-17,30,30.8,1.98,1.73,2.23,125
2025-08-18,15.83,PFE,Health Care,32.47,Put,2025-09-17,30,30.8,0.21,0.18,0.24,56
2025-08-18,15.83,PFE,Health Care,32.47,Call,2025-09-17,30,34.1,0.29,0.26,0.33,15
2025-08-18,15.83,PFE,Health Care,32.47,Put,2025-09-17,30,34.1,1.81,1.59,2.04,111
2025-08-18,15.83,AMZN,Consumer Discretionary,177.31,Call,2025-09-17,30,168.5,11.68,10.22,13.14,206
2025-08-18,15.83,AMZN,Consumer Discretionary,177.31,Put,2025-09-17,30,168.5,2.31,2.03,2.6,10
2025-08-18,15.83,AMZN,Consumer Discretionary,177.31,Call,2025-09-17,30,186.0,2.92,2.56,3.29,520
2025-08-18,15.83,AMZN,Consumer Discretionary,177.31,Put,2025-09-17,30,186.0,11.0,9.63,12.38,70
2025-08-18,15.83,TSLA,Consumer Discretionary,248.2,Call,2025-09-17,30,236.0,14.68,12.84,16.51,336
2025-08-18,15.83,TSLA,Consumer Discretionary,248.2,Put,2025-09-17,30,236.0,1.7,1.49,1.91,123
2025-08-18,15.83,TSLA,Consumer Discretionary,248.2,Call,2025-09-17,30,260.5,2.27,1.98,2.55,401
2025-08-18,15.83,TSLA,Consumer Discretionary,248.2,Put,2025-09-17,30,260.5,13.71,12.0,15.42,29
2025-08-18,15.83,GOOGL,Communication Services,174.46,Call,2025-09-17,30,165.5,10.3,9.01,11.58,545
2025-08-18,15.83,GOOGL,Communication Services,174.46,Put,2025-09-17,30,165.5,0.79,0.69,0.89,371
2025-08-18,15.83,GOOGL,Communication Services,174.46,Call,2025-09-17,30,183.0,1.21,1.06,1.37,151
2025-08-18,15.83,GOOGL,Communication Services,174.46,Put,2025-09-17,30,183.0,9.15,8.01,10.3,291
2025-08-18,15.83,META,Communication Services,559.8,Call,2025-09-17,30,532.0,34.88,30.52,39.24,429
2025-08-18,15.83,META,Communication Services,559.8,Put,2025-09-17,30,532.0,5.33,4.67,6.0,109
2025-08-18,15.83,META,Communication Services,559.8,Call,2025-09-17,30,588.0,6.79,5.94,7.64,391
2025-08-18,15.83,META,Communication Services,559.8,Put,2025-09-17,30,588.0,33.06,28.93,37.2,161
2025-08-22,16.38,AAPL,Information Technology,194.13,Call,2025-09-21,30,184.5,12.71,11.12,14.3,691
2025-08-22,16.38,AAPL,Information Technology,194.13,Put,2025-09-21,30,184.5,2.48,2.17,2.79,235
2025-08-22,16.38,AAPL,Information Technology,194.13,Call,2025-09-21,30,204.0,3.03,2.65,3.41,341
2025-08-22,16.38,AAPL,Information Technology,194.13,Put,2025-09-21,30,204.0,12.23,10.71,13.76,452
2025-08-22,16.38,MSFT,Information Technology,422.77,Call,2025-09-21,30,401.5,30.28,26.49,34.06,447
2025-08-22,16.38,MSFT,Information Technology,422.77,Put,2025-09-21,30,401.5,7.69,6.73,8.65,522
2025-08-22,16.38,MSFT,Information Technology,422.77,Call,2025-09-21,30,444.0,9.32,8.15,10.48,457
2025-08-22,16.38,MSFT,Information Technology,422.77,Put,2025-09-21,30,444.0,29.09,25.46,32.73,72
2025-08-22,16.38,NVDA,Information Technology,111.93,Call,2025-09-21,30,106.5,7.41,6.48,8.33,359
2025-08-22,16.38,NVDA,Information Technology,111.93,Put,2025-09-21,30,106.5,1.63,1.42,1.83,174
2025-08-22,16.38,NVDA,Information Technology,111.93,Call,2025-09-21,30,117.5,1.96,1.72,2.21,527
2025-08-22,16.38,NVDA,Information Technology,111.93,Put,2025-09-21,30,117.5,7.15,6.25,8.04,341
2025-08-22,16.38,XOM,Energy,111.25,Call,2025-09-21,30,105.5,7.01,6.13,7.89,0
2025-08-22,16.38,XOM,Energy,111.25,Put,2025-09-21,30,105.5,0.91,0.8,1.03,240
2025-08-22,16.38,XOM,Energy,111.25,Call,2025-09-21,30,117.0,1.21,1.06,1.36,129
2025-08-22,16.38,XOM,Energy,111.25,Put,2025-09-21,30,117.0,6.57,5.75,7.39,58
2025-08-22,16.38,CVX,Energy,160.0,Call,2025-09-21,30,152.0,9.7,8.48,10.91,89
2025-08-22,16.38,CVX,Energy,160.0,Put,2025-09-21,30,152.0,1.2,1.05,1.35,61
2025-08-22,16.38,CVX,Energy,160.0,Call,2025-09-21,30,168.0,1.59,1.39,1.79,230
2025-08-22,16.38,CVX,Energy,160.0,Put,2025-09-21,30,168.0,9.04,7.91,10.17,15
2025-08-22,16.38,JPM,Financials,205.27,Call,2025-09-21,30,195.0,11.73,10.27,13.2,125
2025-08-22,16.38,JPM,Financials,205.27,Put,2025-09-21,30,195.0,0.82,0.72,0.93,0
2025-08-22,16.38,JPM,Financials,205.27,Call,2025-09-21,30,215.5,1.2,1.05,1.35,70
2025-08-22,16.38,JPM,Financials,205.27,Put,2025-09-21,30,215.5,10.72,9.38,12.06,43
2025-08-22,16.38,BAC,Financials,44.55,Call,2025-09-21,30,42.3,2.68,2.34,3.01,121
2025-08-22,16.38,BAC,Financials,44.55,Put,2025-09-21,30,42.3,0.29,0.25,0.33,0
2025-08-22,16.38,BAC,Financials,44.55,Call,2025-09-21,30,46.8,0.39,0.34,0.44,0
2025-08-22,16.38,BAC,Financials,44.55,Put,2025-09-21,30,46.8,2.49,2.18,2.8,63
2025-08-22,16.38,JNJ,Health Care,164.2,Call,2025-09-21,30,156.0,9.83,8.61,11.06,114
2025-08-22,16.38,JNJ,Health Care,164.2,Put,2025-09-21,30,156.0,1.12,0.98,1.26,244
2025-08-22,16.38,JNJ,Health Care,164.2,Call,2025-09-21,30,172.5,1.49,1.3,1.68,227
2025-08-22,16.38,JNJ,Health Care,164.2,Put,2025-09-21,30,172.5,9.22,8.07,10.38,58
2025-08-22,16.38,PFE,Health Care,32.91,Call,2025-09-21,30,31.3,2.0,1.75,2.25,43
2025-08-22,16.38,PFE,Health Care,32.91,Put,2025-09-21,30,31.3,0.29,0.25,0.32,92
2025-08-22,16.38,PFE,Health Care,32.91,Call,2025-09-21,30,34.6,0.36,0.31,0.4,157
2025-08-22,16.38,PFE,Health Care,32.91,Put,2025-09-21,30,34.6,1.93,1.69,2.17,111
2025-08-22,16.38,AMZN,Consumer Discretionary,177.56,Call,2025-09-21,30,168.5,11.37,9.95,12.8,193
2025-08-22,16.38,AMZN,Consumer Discretionary,177.56,Put,2025-09-21,30,168.5,1.76,1.54,1.98,111
2025-08-22,16.38,AMZN,Consumer Discretionary,177.56,Call,2025-09-21,30,186.5,2.3,2.01,2.59,376
2025-08-22,16.38,AMZN,Consumer Discretionary,177.56,Put,2025-09-21,30,186.5,10.63,9.3,11.96,317
2025-08-22,16.38,TSLA,Consumer Discretionary,249.05,Call,2025-09-21,30,236.5,15.77,13.8,17.75,524
2025-08-22,16.38,TSLA,Consumer Discretionary,249.05,Put,2025-09-21,30,236.5,2.45,2.14,2.75,234
2025-08-22,16.38,TSLA,Consumer Discretionary,249.05,Call,2025-09-21,30,261.5,3.18,2.78,3.58,205
2025-08-22,16.38,TSLA,Consumer Discretionary,249.05,Put,2025-09-21,30,261.5,14.77,12.93,16.62,656
2025-08-22,16.38,GOOGL,Communication Services,172.3,Call,2025-09-21,30,163.5,10.26,8.98,11.54,0
2025-08-22,16.38,GOOGL,Communication Services,172.3,Put,2025-09-21,30,163.5,0.92,0.81,1.04,174
2025-08-22,16.38,GOOGL,Communication Services,172.3,Call,2025-09-21,30,181.0,1.31,1.14,1.47,0
2025-08-22,16.38,GOOGL,Communication Services,172.3,Put,2025-09-21,30,181.0,9.41,8.24,10.59,486
2025-08-22,16.38,META,Communication Services,578.65,Call,2025-09-21,30,549.5,38.27,33.49,43.06,382
2025-08-22,16.38,META,Communication Services,578.65,Put,2025-09-21,30,549.5,7.32,6.4,8.23,46
2025-08-22,16.38,META,Communication Services,578.65,Call,2025-09-21,30,607.5,9.26,8.1,10.42,274
2025-08-22,16.38,META,Communication Services,578.65,Put,2025-09-21,30,607.5,36.12,31.6,40.63,612
